ID,Bug Line,Explanation
16,1,No obvious structural anomalies detected.
32,2,Structural detection (LLM fallback).
25,1,No obvious structural anomalies detected.
10,1,No obvious structural anomalies detected.
26,2,Structural detection (LLM fallback).
23,1,"The suspicious statement implies that the 'burstUpload' function will inherently reduce result uploading time by handling multiple smartVec read commands. However, this is not a direct consequence of calling burstUpload alone without proper implementation details in conjunction with smartVec reading mechanisms and error checking for thread safety due to parallel executions if applicable. The absence of these considerations could lead to race conditions or data corruption rather than efficiency improvements. Therefore, the statement as presented may be misleadingly optimistic about 'burstUpload' capabilities without further context on its actual design parameters and integration with smartVec methods within a multithreaded environment which is typical in performance-critical applications where such operations might occur simultaneously for concurrency benefits or other reasons not apparent from this line alone."
4,1,No obvious structural anomalies detected.
31,1,Structural detection (LLM fallback).
17,1,No obvious structural anomalies detected.
27,1,No obvious structural anomalies detected.
24,2,Structural detection (LLM fallback).
14,1,No obvious structural anomalies detected.
9,1,No obvious structural anomalies detected.
13,1,Structural detection (LLM fallback).
22,1,No obvious structural anomalies detected.
